catalog,event,group,target_group,frame,source,n_samples,m1,m2,mc,q_median,q05,q95,q_range_05_95,axr,rho,psi_meas,psi_curve,psi_tangent,psi_total,err_curve,err_tangent,err_total,signed_curve_minus_meas
GWTC-3,GW190403_051519,derived:E65-picked,derived:E65-picked,source,derived_e65_no_raw_gwtc3_hdf5,,85.0193,20.0152,,,,,,2.23,,159.25,167.4476,169.6,135.0,8.1976,10.35,24.25,8.197599999999994
GWTC-3,GW190408_181802,derived:E65-picked,derived:E65-picked,source,derived_e65_no_raw_gwtc3_hdf5,,24.8122,18.5251,,,,,,2.21,,143.79,148.2231,144.83,135.0,4.4331,1.04,8.789999999999992,4.433099999999996
GWTC-3,GW190412,derived:E65-picked,derived:E65-picked,source,derived_e65_no_raw_gwtc3_hdf5,,27.749,9.0194,,,,,,9.54,,165.2,164.3173,165.16,135.0,0.8827,0.04,30.19999999999999,-0.8826999999999998
GWTC-3,GW190413_134308,derived:E65-picked,derived:E65-picked,source,derived_e65_no_raw_gwtc3_hdf5,,51.1516,30.5264,,,,,,1.71,,148.5,157.9155,151.66,135.0,9.4155,3.16,13.5,9.415500000000009
GWTC-3,GW190421_213856,derived:E65-picked,derived:E65-picked,source,derived_e65_no_raw_gwtc3_hdf5,,42.023,32.0289,,,,,,1.2,,133.14,150.2367,144.17,135.0,17.0967,11.03,1.8600000000000136,17.096700000000027
GWTC-3,GW190425,derived:E65-picked,derived:E65-picked,source,derived_e65_no_raw_gwtc3_hdf5,,2.0829,1.3233,,,,,,11.54,,150.94,150.2655,149.84,135.0,0.6745,1.1,15.939999999999998,-0.6744999999999948
GWTC-3,GW190426_190642,derived:E65-picked,derived:E65-picked,source,derived_e65_no_raw_gwtc3_hdf5,,105.6955,75.9732,,,,,,1.48,,145.18,158.6658,146.05,135.0,13.4858,0.87,10.180000000000007,13.485799999999983
GWTC-3,GW190503_185404,derived:E65-picked,derived:E65-picked,source,derived_e65_no_raw_gwtc3_hdf5,,41.3033,28.3077,,,,,,1.63,,140.91,152.0032,147.54,135.0,11.0932,6.63,5.909999999999997,11.093199999999996
GWTC-3,GW190512_180714,derived:E65-picked,derived:E65-picked,source,derived_e65_no_raw_gwtc3_hdf5,,23.1523,12.5341,,,,,,3.63,,155.76,154.5513,154.33,135.0,1.2087,1.43,20.75999999999999,-1.2086999999999932
GWTC-3,GW190513_205428,derived:E65-picked,derived:E65-picked,source,derived_e65_no_raw_gwtc3_hdf5,,35.956,18.3231,,,,,,2.45,,155.25,155.1702,155.9,135.0,0.0798,0.65,20.25,-0.07980000000000587
GWTC-3,GW190514_065416,derived:E65-picked,derived:E65-picked,source,derived_e65_no_raw_gwtc3_hdf5,,40.8749,28.352,,,,,,1.49,,172.35,155.6222,147.17,135.0,16.7278,25.18,37.349999999999994,-16.727800000000002
GWTC-3,GW190517_055101,derived:E65-picked,derived:E65-picked,source,derived_e65_no_raw_gwtc3_hdf5,,39.2387,24.0159,,,,,,2.21,,155.28,156.5183,150.93,135.0,1.2383,4.35,20.28,1.2383000000000095
GWTC-3,GW190519_153544,derived:E65-picked,derived:E65-picked,source,derived_e65_no_raw_gwtc3_hdf5,,65.1033,40.8265,,,,,,1.3,,122.81,152.693,150.22,135.0,29.883,27.41,12.189999999999998,29.88300000000001
GWTC-3,GW190521_074359,derived:E65-picked,derived:E65-picked,source,derived_e65_no_raw_gwtc3_hdf5,,43.3944,33.4281,,,,,,1.47,,131.3,145.7997,143.82,135.0,14.4997,12.52,3.6999999999999886,14.49969999999999
GWTC-3,GW190527_092055,derived:E65-picked,derived:E65-picked,source,derived_e65_no_raw_gwtc3_hdf5,,35.6037,22.155,,,,,,1.82,,170.41,160.4307,150.45,135.0,9.9793,19.96,35.41,-9.979299999999995
GWTC-3,GW190602_175927,derived:E65-picked,derived:E65-picked,source,derived_e65_no_raw_gwtc3_hdf5,,71.9075,44.8007,,,,,,1.76,,131.94,156.8088,150.42,135.0,24.8688,18.48,3.0600000000000023,24.868799999999993
GWTC-3,GW190620_030421,derived:E65-picked,derived:E65-picked,source,derived_e65_no_raw_gwtc3_hdf5,,58.0163,34.997,,,,,,1.7,,145.2,157.2573,151.35,135.0,12.0573,6.15,10.199999999999989,12.057299999999998
GWTC-3,GW190630_185205,derived:E65-picked,derived:E65-picked,source,derived_e65_no_raw_gwtc3_hdf5,,35.1395,23.9684,,,,,,2.27,,139.97,149.0317,147.69,135.0,9.0617,7.72,4.969999999999999,9.061700000000002
GWTC-3,GW190701_203306,derived:E65-picked,derived:E65-picked,source,derived_e65_no_raw_gwtc3_hdf5,,54.0985,40.4958,,,,,,1.67,,135.13,150.4787,144.75,135.0,15.3487,9.62,0.12999999999999545,15.348700000000008
GWTC-3,GW190706_222641,derived:E65-picked,derived:E65-picked,source,derived_e65_no_raw_gwtc3_hdf5,,73.9714,39.3544,,,,,,1.24,,146.68,158.335,154.79,135.0,11.655,8.11,11.680000000000007,11.655000000000001
GWTC-3,GW190707_093326,derived:E65-picked,derived:E65-picked,source,derived_e65_no_raw_gwtc3_hdf5,,12.0701,7.9346,,,,,,3.25,,154.12,153.1266,148.82,135.0,0.9934,5.3,19.120000000000005,-0.9934000000000083
GWTC-3,GW190708_232457,derived:E65-picked,derived:E65-picked,source,derived_e65_no_raw_gwtc3_hdf5,,19.8096,11.6086,,,,,,4.25,,151.79,151.2783,152.17,135.0,0.5117,0.38,16.789999999999992,-0.5116999999999905
GWTC-3,GW190719_215514,derived:E65-picked,derived:E65-picked,source,derived_e65_no_raw_gwtc3_hdf5,,36.7827,19.8219,,,,,,2.99,,171.1,165.286,154.45,135.0,5.814,16.65,36.099999999999994,-5.813999999999993
GWTC-3,GW190720_000836,derived:E65-picked,derived:E65-picked,source,derived_e65_no_raw_gwtc3_hdf5,,14.2073,7.4801,,,,,,5.25,,158.92,157.8875,155.06,135.0,1.0325,3.86,23.919999999999987,-1.0324999999999989
GWTC-3,GW190725_174728,derived:E65-picked,derived:E65-picked,source,derived_e65_no_raw_gwtc3_hdf5,,11.8121,6.2945,,,,,,6.82,,167.15,166.4571,154.75,135.0,0.6929,12.4,32.150000000000006,-0.6929000000000087
GWTC-3,GW190727_060333,derived:E65-picked,derived:E65-picked,source,derived_e65_no_raw_gwtc3_hdf5,,38.9011,30.1546,,,,,,1.37,,137.13,150.2492,143.62,135.0,13.1192,6.49,2.1299999999999955,13.119200000000006
GWTC-3,GW190728_064510,derived:E65-picked,derived:E65-picked,source,derived_e65_no_raw_gwtc3_hdf5,,12.4506,8.0297,,,,,,6.01,,163.37,162.3305,149.39,135.0,1.0395,13.98,28.370000000000005,-1.0395000000000039
GWTC-3,GW190731_140936,derived:E65-picked,derived:E65-picked,source,derived_e65_no_raw_gwtc3_hdf5,,41.8067,29.0214,,,,,,1.15,,155.26,151.7406,147.15,135.0,3.5194,8.11,20.25999999999999,-3.5193999999999903
GWTC-3,GW190803_022701,derived:E65-picked,derived:E65-picked,source,derived_e65_no_raw_gwtc3_hdf5,,37.5765,27.685,,,,,,1.31,,144.28,151.2013,145.26,135.0,6.9213,0.98,9.280000000000001,6.921300000000002
GWTC-3,GW190805_211137,derived:E65-picked,derived:E65-picked,source,derived_e65_no_raw_gwtc3_hdf5,,46.1699,30.6255,,,,,,1.23,,159.64,154.24,148.55,135.0,5.4,11.09,24.639999999999986,-5.399999999999977
GWTC-3,GW190814,derived:E65-picked,derived:E65-picked,source,derived_e65_no_raw_gwtc3_hdf5,,23.3108,2.5914,,,,,,36.73,,175.46,175.1145,175.4,135.0,0.3455,0.06,40.46000000000001,-0.34550000000001546
GWTC-3,GW190828_063405,derived:E65-picked,derived:E65-picked,source,derived_e65_no_raw_gwtc3_hdf5,,31.9201,25.8119,,,,,,1.26,,130.37,145.3973,142.22,135.0,15.0273,11.85,4.6299999999999955,15.027299999999997
GWTC-3,GW190828_065509,derived:E65-picked,derived:E65-picked,source,derived_e65_no_raw_gwtc3_hdf5,,23.6584,10.4382,,,,,,4.01,,160.51,159.3737,159.31,135.0,1.1363,1.2,25.50999999999999,-1.1362999999999772
GWTC-3,GW190910_112807,derived:E65-picked,derived:E65-picked,source,derived_e65_no_raw_gwtc3_hdf5,,43.7989,34.1516,,,,,,1.17,,140.9,145.7486,143.42,135.0,4.8486,2.52,5.900000000000006,4.848600000000005
GWTC-3,GW190915_235702,derived:E65-picked,derived:E65-picked,source,derived_e65_no_raw_gwtc3_hdf5,,32.5749,24.4518,,,,,,1.89,,148.93,149.4323,144.66,135.0,0.5023,4.27,13.930000000000007,0.5022999999999911
GWTC-3,GW190916_200658,derived:E65-picked,derived:E65-picked,source,derived_e65_no_raw_gwtc3_hdf5,,43.8447,23.3251,,,,,,1.82,,156.55,159.9395,154.79,135.0,3.3895,1.76,21.55000000000001,3.389499999999998
GWTC-3,GW190917_114630,derived:E65-picked,derived:E65-picked,source,derived_e65_no_raw_gwtc3_hdf5,,9.7244,2.0547,,,,,,11.63,,169.88,169.584,170.76,135.0,0.296,0.88,34.879999999999995,-0.29599999999999227
GWTC-3,GW190924_021846,derived:E65-picked,derived:E65-picked,source,derived_e65_no_raw_gwtc3_hdf5,,8.7837,5.1088,,,,,,6.98,,162.01,161.4927,152.38,135.0,0.5173,9.63,27.00999999999999,-0.5172999999999774
GWTC-3,GW190925_232845,derived:E65-picked,derived:E65-picked,source,derived_e65_no_raw_gwtc3_hdf5,,20.8408,15.546,,,,,,3.42,,155.38,153.4309,144.86,135.0,1.9491,10.52,20.379999999999995,-1.9490999999999872
GWTC-3,GW190926_050336,derived:E65-picked,derived:E65-picked,source,derived_e65_no_raw_gwtc3_hdf5,,41.0873,20.4424,,,,,,1.79,,173.38,160.3541,156.49,135.0,13.0259,16.89,38.379999999999995,-13.025900000000007
GWTC-3,GW190929_012149,derived:E65-picked,derived:E65-picked,source,derived_e65_no_raw_gwtc3_hdf5,,66.2945,26.7752,,,,,,2.06,,170.18,163.8799,161.19,135.0,6.3001,8.99,35.18000000000001,-6.300100000000015
GWTC-3,GW190930_133541,derived:E65-picked,derived:E65-picked,source,derived_e65_no_raw_gwtc3_hdf5,,14.1909,6.9103,,,,,,6.81,,162.8,162.0703,157.02,135.0,0.7297,5.78,27.80000000000001,-0.7297000000000082
GWTC-3,GW191103_012549,derived:E65-picked,derived:E65-picked,source,derived_e65_no_raw_gwtc3_hdf5,,11.7889,7.8777,,,,,,4.58,,158.77,157.6725,148.32,135.0,1.0975,10.45,23.77000000000001,-1.0974999999999966
GWTC-3,GW191105_143521,derived:E65-picked,derived:E65-picked,source,derived_e65_no_raw_gwtc3_hdf5,,10.6682,7.6641,,,,,,3.78,,154.21,153.4991,146.07,135.0,0.7109,8.14,19.210000000000008,-0.7109000000000094
GWTC-3,GW191109_010717,derived:E65-picked,derived:E65-picked,source,derived_e65_no_raw_gwtc3_hdf5,,65.1063,46.9005,,,,,,1.29,,84.93,148.3131,145.98,135.0,63.3831,61.05,50.06999999999999,63.383099999999985
GWTC-3,GW191113_071753,derived:E65-picked,derived:E65-picked,source,derived_e65_no_raw_gwtc3_hdf5,,28.6743,5.8705,,,,,,8.0,,170.15,168.9513,171.08,135.0,1.1987,0.93,35.150000000000006,-1.1987000000000023
GWTC-3,GW191126_115259,derived:E65-picked,derived:E65-picked,source,derived_e65_no_raw_gwtc3_hdf5,,12.1412,8.2562,,,,,,3.51,,158.6,156.4586,147.78,135.0,2.1414,10.82,23.599999999999994,-2.1414000000000044
GWTC-3,GW191127_050227,derived:E65-picked,derived:E65-picked,source,derived_e65_no_raw_gwtc3_hdf5,,53.1645,24.0151,,,,,,2.6,,166.55,166.5166,158.78,135.0,0.0334,7.77,31.55000000000001,-0.03340000000000032
GWTC-3,GW191129_134029,derived:E65-picked,derived:E65-picked,source,derived_e65_no_raw_gwtc3_hdf5,,10.6757,6.7477,,,,,,5.77,,154.52,154.1415,149.99,135.0,0.3785,4.53,19.52000000000001,-0.3785000000000025
GWTC-3,GW191204_110529,derived:E65-picked,derived:E65-picked,source,derived_e65_no_raw_gwtc3_hdf5,,27.3142,19.216,,,,,,2.17,,166.91,158.7774,146.73,135.0,8.1326,20.18,31.909999999999997,-8.132599999999996
GWTC-3,GW191204_171526,derived:E65-picked,derived:E65-picked,source,derived_e65_no_raw_gwtc3_hdf5,,11.9027,8.2219,,,,,,5.46,,150.61,150.3134,147.3,135.0,0.2966,3.31,15.610000000000014,-0.2966000000000122
GWTC-3,GW191215_223052,derived:E65-picked,derived:E65-picked,source,derived_e65_no_raw_gwtc3_hdf5,,24.9456,18.1159,,,,,,2.11,,152.57,150.0271,145.72,135.0,2.5429,6.85,17.569999999999993,-2.542900000000003
GWTC-3,GW191216_213338,derived:E65-picked,derived:E65-picked,source,derived_e65_no_raw_gwtc3_hdf5,,12.0691,7.6742,,,,,,6.74,,160.04,159.6684,149.82,135.0,0.3716,10.22,25.039999999999992,-0.3716000000000008
GWTC-3,GW191219_163120,derived:E65-picked,derived:E65-picked,source,derived_e65_no_raw_gwtc3_hdf5,,31.1235,1.1687,,,,,,43.97,,178.96,178.2523,178.52,135.0,0.7077,0.44,43.96000000000001,-0.7077000000000169
GWTC-3,GW191222_033537,derived:E65-picked,derived:E65-picked,source,derived_e65_no_raw_gwtc3_hdf5,,45.0724,34.7155,,,,,,1.03,,116.55,149.2965,143.82,135.0,32.7465,27.27,18.450000000000003,32.74650000000001
GWTC-3,GW191230_180458,derived:E65-picked,derived:E65-picked,source,derived_e65_no_raw_gwtc3_hdf5,,49.4035,36.7201,,,,,,1.46,,166.91,154.0107,144.98,135.0,12.8993,21.93,31.909999999999997,-12.899299999999982
GWTC-3,GW200112_155838,derived:E65-picked,derived:E65-picked,source,derived_e65_no_raw_gwtc3_hdf5,,35.5701,28.3021,,,,,,1.84,,140.28,146.0918,142.76,135.0,5.8118,2.48,5.280000000000001,5.811800000000005
GWTC-3,GW200115_042309,derived:E65-picked,derived:E65-picked,source,derived_e65_no_raw_gwtc3_hdf5,,5.9168,1.4376,,,,,,13.12,,166.86,166.643,169.23,135.0,0.217,2.37,31.860000000000014,-0.21700000000001296
GWTC-3,GW200128_022011,derived:E65-picked,derived:E65-picked,source,derived_e65_no_raw_gwtc3_hdf5,,42.1726,32.6349,,,,,,1.17,,29.43,148.5519,143.67,135.0,60.8781,65.76,74.43,-60.87810000000002
GWTC-3,GW200129_065458,derived:E65-picked,derived:E65-picked,source,derived_e65_no_raw_gwtc3_hdf5,,34.5138,28.9436,,,,,,3.06,,136.17,148.8678,141.0,135.0,12.6978,4.83,1.1699999999999875,12.6978
GWTC-3,GW200202_154313,derived:E65-picked,derived:E65-picked,source,derived_e65_no_raw_gwtc3_hdf5,,10.1465,7.344,,,,,,6.2,,154.04,153.7112,145.83,135.0,0.3288,8.21,19.039999999999992,-0.3288000000000011
GWTC-3,GW200208_130117,derived:E65-picked,derived:E65-picked,source,derived_e65_no_raw_gwtc3_hdf5,,37.8207,27.4159,,,,,,1.76,,143.24,149.9791,145.78,135.0,6.7391,2.54,8.240000000000009,6.739099999999979
GWTC-3,GW200209_085452,derived:E65-picked,derived:E65-picked,source,derived_e65_no_raw_gwtc3_hdf5,,35.6148,27.1395,,,,,,1.16,,177.88,150.613,144.17,135.0,27.267,33.71,42.879999999999995,-27.266999999999996
GWTC-3,GW200210_092254,derived:E65-picked,derived:E65-picked,source,derived_e65_no_raw_gwtc3_hdf5,,24.1424,2.8281,,,,,,20.78,,176.52,175.3328,175.13,135.0,1.1872,1.39,41.52000000000001,-1.1872000000000185
GWTC-3,GW200216_220804,derived:E65-picked,derived:E65-picked,source,derived_e65_no_raw_gwtc3_hdf5,,51.2882,30.0602,,,,,,1.85,,155.4,162.1224,152.17,135.0,6.7224,3.23,20.400000000000006,6.722399999999993
GWTC-3,GW200219_094415,derived:E65-picked,derived:E65-picked,source,derived_e65_no_raw_gwtc3_hdf5,,37.5278,27.9473,,,,,,1.25,,150.15,150.5858,144.92,135.0,0.4358,5.23,15.150000000000006,0.4358000000000004
GWTC-3,GW200220_061928,derived:E65-picked,derived:E65-picked,source,derived_e65_no_raw_gwtc3_hdf5,,87.3018,60.7899,,,,,,2.01,,179.46,162.3666,147.05,135.0,17.0934,32.41,44.46000000000001,-17.093400000000003
GWTC-3,GW200220_124850,derived:E65-picked,derived:E65-picked,source,derived_e65_no_raw_gwtc3_hdf5,,38.9095,27.8515,,,,,,1.28,,174.38,153.8152,146.18,135.0,20.5648,28.2,39.379999999999995,-20.56479999999999
GWTC-3,GW200224_222234,derived:E65-picked,derived:E65-picked,source,derived_e65_no_raw_gwtc3_hdf5,,40.011,32.5369,,,,,,1.66,,132.41,146.9158,142.03,135.0,14.5058,9.62,2.5900000000000034,14.505799999999994
GWTC-3,GW200225_060421,derived:E65-picked,derived:E65-picked,source,derived_e65_no_raw_gwtc3_hdf5,,19.3325,13.9877,,,,,,2.16,,146.9,149.9681,145.84,135.0,3.0681,1.06,11.900000000000006,3.068099999999987
GWTC-3,GW200302_015811,derived:E65-picked,derived:E65-picked,source,derived_e65_no_raw_gwtc3_hdf5,,37.7703,19.9803,,,,,,1.72,,147.45,155.3177,154.94,135.0,7.8677,7.49,12.449999999999989,7.8677000000000135
GWTC-3,GW200306_093714,derived:E65-picked,derived:E65-picked,source,derived_e65_no_raw_gwtc3_hdf5,,28.3116,14.8193,,,,,,2.97,,162.2,163.3529,155.21,135.0,1.1529,6.99,27.19999999999999,1.1529000000000167
GWTC-3,GW200308_173609,derived:E65-picked,derived:E65-picked,source,derived_e65_no_raw_gwtc3_hdf5,,59.5731,23.7616,,,,,,4.45,,5.05,168.7256,161.44,135.0,16.3244,23.61,50.05000000000001,-16.324400000000026
GWTC-3,GW200311_115853,derived:E65-picked,derived:E65-picked,source,derived_e65_no_raw_gwtc3_hdf5,,34.2318,27.7242,,,,,,1.89,,136.56,146.3335,142.17,135.0,9.7735,5.61,1.5600000000000023,9.773499999999984
GWTC-3,GW200316_215756,derived:E65-picked,derived:E65-picked,source,derived_e65_no_raw_gwtc3_hdf5,,13.1428,7.812,,,,,,6.83,,162.29,160.7114,151.77,135.0,1.5786,10.52,27.289999999999992,-1.5785999999999945
O4a,GW230518_125908,C00:IMRPhenomXPHM-SpinTaylor,C00:IMRPhenomXPHM-SpinTaylor,source,derived:e67_gwtc4_curved_law_results.json,,8.18,1.45,,,,,,16.83,-0.905,172.66,172.05,172.39,135.0,0.61,0.27,37.66,-0.6099999999999852
O4a,GW230529_181500,C00:Mixed:HighSpin,C00:Mixed:HighSpin,source,derived:e67_gwtc4_curved_law_results.json,,3.65,1.42,,,,,,10.37,-0.96,158.94,158.65,161.89,135.0,0.29,2.94,23.94,-0.28999999999999204
O4a,GW230601_224134,C00:Mixed+XO4a,C00:Mixed+XO4a,source,derived:e67_gwtc4_curved_law_results.json,,65.46,43.86,,,,,,1.19,-0.161,144.69,152.44,148.24,135.0,7.76,3.55,9.69,7.75
O4a,GW230605_065343,C00:Mixed+XO4a,C00:Mixed+XO4a,source,derived:e67_gwtc4_curved_law_results.json,,17.37,11.04,,,,,,3.98,-0.805,156.66,153.65,149.82,135.0,3.0,6.84,21.66,-3.009999999999991
O4a,GW230606_004305,C00:Mixed,C00:Mixed,source,derived:e67_gwtc4_curved_law_results.json,,37.26,25.71,,,,,,1.62,-0.374,153.4,153.87,147.33,135.0,0.47,6.07,18.4,0.46999999999999886
O4a,GW230608_205047,C00:Mixed,C00:Mixed,source,derived:e67_gwtc4_curved_law_results.json,,48.79,30.16,,,,,,1.45,-0.336,145.33,153.43,150.64,135.0,8.1,5.31,10.33,8.099999999999994
O4a,GW230609_064958,C00:Mixed,C00:Mixed,source,derived:e67_gwtc4_curved_law_results.json,,35.22,25.01,,,,,,1.3,-0.191,156.51,150.95,146.44,135.0,5.56,10.07,21.51,-5.560000000000002
O4a,GW230624_113103,C00:Mixed,C00:Mixed,source,derived:e67_gwtc4_curved_law_results.json,,27.99,16.18,,,,,,2.89,-0.522,165.65,156.99,152.54,135.0,8.66,13.1,30.65,-8.659999999999997
O4a,GW230627_015337,C00:Mixed,C00:Mixed,source,derived:e67_gwtc4_curved_law_results.json,,8.37,5.78,,,,,,8.32,-0.965,148.12,148.37,147.31,135.0,0.25,0.8,13.12,0.25
O4a,GW230628_231200,C00:Mixed,C00:Mixed,source,derived:e67_gwtc4_curved_law_results.json,,32.38,27.24,,,,,,1.05,-0.051,136.59,144.34,140.91,135.0,7.75,4.32,1.59,7.75
O4a,GW230630_125806,C00:Mixed,C00:Mixed,source,derived:e67_gwtc4_curved_law_results.json,,52.51,33.37,,,,,,1.31,-0.005,179.42,155.07,149.83,135.0,24.35,29.58,44.42,-24.349999999999994
O4a,GW230630_234532,C00:Mixed,C00:Mixed,source,derived:e67_gwtc4_curved_law_results.json,,9.99,6.68,,,,,,3.68,-0.804,153.73,152.56,148.31,135.0,1.17,5.42,18.73,-1.1699999999999875
O4a,GW230702_185453,C00:Mixed,C00:Mixed,source,derived:e67_gwtc4_curved_law_results.json,,41.24,18.06,,,,,,3.42,-0.712,159.83,161.42,159.47,135.0,1.59,0.36,24.83,1.589999999999975
O4a,GW230704_021211,C00:Mixed+XO4a,C00:Mixed+XO4a,source,derived:e67_gwtc4_curved_law_results.json,,32.95,19.99,,,,,,1.85,-0.374,161.03,153.87,151.18,135.0,7.17,9.85,26.03,-7.159999999999997
O4a,GW230704_212616,C00:Mixed+XO4a,C00:Mixed+XO4a,source,derived:e67_gwtc4_curved_law_results.json,,92.84,47.22,,,,,,1.41,-0.205,161.68,161.55,155.95,135.0,0.13,5.74,26.68,-0.12999999999999545
O4a,GW230706_104333,C00:Mixed,C00:Mixed,source,derived:e67_gwtc4_curved_law_results.json,,16.29,11.54,,,,,,2.12,-0.513,156.9,150.77,146.52,135.0,6.13,10.38,21.9,-6.1299999999999955
O4a,GW230707_124047,C00:Mixed,C00:Mixed,source,derived:e67_gwtc4_curved_law_results.json,,45.95,36.81,,,,,,1.29,0.245,41.82,147.36,142.53,135.0,74.46,79.29,86.82,-74.45999999999998
O4a,GW230708_053705,C00:Mixed,C00:Mixed,source,derived:e67_gwtc4_curved_law_results.json,,29.09,23.07,,,,,,1.28,0.068,8.03,146.68,142.87,135.0,41.35,45.16,53.03,-41.349999999999994
O4a,GW230708_230935,C00:Mixed+XO4a,C00:Mixed+XO4a,source,derived:e67_gwtc4_curved_law_results.json,,64.53,39.02,,,,,,1.51,-0.357,147.7,155.83,151.28,135.0,8.13,3.59,12.7,8.130000000000024
O4a,GW230709_122727,C00:Mixed,C00:Mixed,source,derived:e67_gwtc4_curved_law_results.json,,45.31,30.11,,,,,,1.15,-0.131,145.84,155.47,148.49,135.0,9.63,2.65,10.84,9.629999999999995
O4a,GW230712_090405,C00:Mixed+XO4a,C00:Mixed+XO4a,source,derived:e67_gwtc4_curved_law_results.json,,32.33,11.68,,,,,,1.39,-0.134,168.15,163.43,163.33,135.0,4.72,4.82,33.15,-4.719999999999999
O4a,GW230723_101834,C00:Mixed,C00:Mixed,source,derived:e67_gwtc4_curved_law_results.json,,16.74,10.76,,,,,,2.39,-0.565,158.02,152.82,149.49,135.0,5.2,8.53,23.02,-5.200000000000017
O4a,GW230726_002940,C00:Mixed,C00:Mixed,source,derived:e67_gwtc4_curved_law_results.json,,35.35,27.99,,,,,,1.28,-0.072,171.41,146.18,142.91,135.0,25.23,28.5,36.41,-25.22999999999999
O4a,GW230729_082317,C00:Mixed,C00:Mixed,source,derived:e67_gwtc4_curved_law_results.json,,12.36,7.61,,,,,,4.39,-0.804,159.74,158.48,150.77,135.0,1.26,8.97,24.74,-1.2600000000000193
O4a,GW230731_215307,C00:Mixed,C00:Mixed,source,derived:e67_gwtc4_curved_law_results.json,,10.34,7.81,,,,,,3.37,-0.806,148.76,148.97,144.46,135.0,0.22,4.3,13.76,0.21000000000000796
O4a,GW230803_033412,C00:Mixed+XO4a,C00:Mixed+XO4a,source,derived:e67_gwtc4_curved_law_results.json,,46.32,28.95,,,,,,1.53,-0.002,179.84,154.04,150.33,135.0,25.8,29.51,44.84,-25.80000000000001
O4a,GW230805_034249,C00:Mixed,C00:Mixed,source,derived:e67_gwtc4_curved_law_results.json,,32.3,22.66,,,,,,1.39,-0.163,165.26,153.15,146.81,135.0,12.11,18.45,30.26,-12.109999999999985
O4a,GW230806_204041,C00:Mixed,C00:Mixed,source,derived:e67_gwtc4_curved_law_results.json,,50.76,35.2,,,,,,1.14,-0.013,177.18,152.59,147.18,135.0,24.59,30.0,42.18,-24.590000000000003
O4a,GW230811_032116,C00:Mixed,C00:Mixed,source,derived:e67_gwtc4_curved_law_results.json,,36.45,21.66,,,,,,1.81,-0.461,151.95,152.12,151.77,135.0,0.18,0.17,16.95,0.17000000000001592
O4a,GW230814_061920,C00:Mixed+XO4a,C00:Mixed+XO4a,source,derived:e67_gwtc4_curved_law_results.json,,71.05,42.77,,,,,,1.1,-0.071,155.04,155.75,151.41,135.0,0.71,3.63,20.04,0.710000000000008
O4a,GW230814_230901,C00:Mixed,C00:Mixed,source,derived:e67_gwtc4_curved_law_results.json,,33.6,28.4,,,,,,2.22,-0.662,134.82,142.22,140.74,135.0,7.4,5.92,0.18,7.400000000000006
O4a,GW230819_171910,C00:Mixed,C00:Mixed,source,derived:e67_gwtc4_curved_law_results.json,,73.05,33.43,,,,,,2.25,-0.425,164.27,164.08,158.49,135.0,0.2,5.79,29.27,-0.18999999999999773
O4a,GW230820_212515,C00:Mixed,C00:Mixed,source,derived:e67_gwtc4_curved_law_results.json,,63.55,32.31,,,,,,1.9,-0.563,138.41,160.55,155.95,135.0,22.14,17.54,3.41,22.140000000000015
O4a,GW230824_033047,C00:Mixed,C00:Mixed,source,derived:e67_gwtc4_curved_law_results.json,,53.28,35.57,,,,,,1.38,-0.297,144.99,153.7,148.35,135.0,8.71,3.36,9.99,8.70999999999998
O4a,GW230825_041334,C00:Mixed+XO4a,C00:Mixed+XO4a,source,derived:e67_gwtc4_curved_law_results.json,,44.78,27.84,,,,,,1.44,0.107,8.38,152.63,150.48,135.0,35.75,37.9,53.38,-35.75
O4a,GW230831_015414,C00:Mixed,C00:Mixed,source,derived:e67_gwtc4_curved_law_results.json,,42.5,30.96,,,,,,1.4,0.185,16.66,152.6,145.63,135.0,44.06,51.03,61.66,-44.06
O4a,GW230904_051013,C00:Mixed,C00:Mixed,source,derived:e67_gwtc4_curved_law_results.json,,10.61,7.14,,,,,,3.91,-0.815,154.79,153.52,148.12,135.0,1.27,6.67,19.79,-1.2699999999999818
O4a,GW230911_195324,C00:Mixed+XO4a,C00:Mixed+XO4a,source,derived:e67_gwtc4_curved_law_results.json,,35.62,20.68,,,,,,1.77,-0.462,150.27,153.33,152.44,135.0,3.06,2.17,15.27,3.0600000000000023
O4a,GW230914_111401,C00:Mixed+XO4a,C00:Mixed+XO4a,source,derived:e67_gwtc4_curved_law_results.json,,60.02,36.35,,,,,,1.6,-0.412,123.96,153.45,151.23,135.0,29.49,27.28,11.04,29.489999999999995
O4a,GW230919_215712,C00:Mixed,C00:Mixed,source,derived:e67_gwtc4_curved_law_results.json,,27.46,21.7,,,,,,1.8,-0.514,143.43,145.82,142.98,135.0,2.39,0.45,8.43,2.3899999999999864
O4a,GW230920_071124,C00:Mixed,C00:Mixed,source,derived:e67_gwtc4_curved_law_results.json,,32.47,24.24,,,,,,1.26,-0.188,152.4,150.86,144.84,135.0,1.53,7.56,17.4,-1.539999999999992
O4a,GW230922_020344,C00:Mixed,C00:Mixed,source,derived:e67_gwtc4_curved_law_results.json,,39.77,29.33,,,,,,1.87,-0.456,154.91,147.96,145.24,135.0,6.95,9.68,19.91,-6.949999999999989
O4a,GW230922_040658,C00:Mixed,C00:Mixed,source,derived:e67_gwtc4_curved_law_results.json,,76.36,50.62,,,,,,1.28,-0.24,135.82,157.78,148.57,135.0,21.96,12.75,0.82,21.960000000000008
O4a,GW230924_124453,C00:Mixed,C00:Mixed,source,derived:e67_gwtc4_curved_law_results.json,,28.65,23.23,,,,,,1.22,-0.156,153.95,144.8,142.13,135.0,9.15,11.82,18.95,-9.149999999999977
O4a,GW230927_043729,C00:Mixed,C00:Mixed,source,derived:e67_gwtc4_curved_law_results.json,,34.89,27.45,,,,,,1.12,0.097,30.96,146.49,143.13,135.0,64.47,67.83,75.96,-64.47
O4a,GW230927_153832,C00:Mixed+XO4a,C00:Mixed+XO4a,source,derived:e67_gwtc4_curved_law_results.json,,22.02,16.47,,,,,,2.06,-0.584,146.87,145.54,144.76,135.0,1.33,2.11,11.87,-1.3300000000000125
O4a,GW230928_215827,C00:Mixed,C00:Mixed,source,derived:e67_gwtc4_curved_law_results.json,,54.7,30.16,,,,,,1.35,-0.097,170.74,157.25,153.85,135.0,13.49,16.89,35.74,-13.490000000000009
O4a,GW230930_110730,C00:Mixed,C00:Mixed,source,derived:e67_gwtc4_curved_law_results.json,,34.12,24.61,,,,,,1.34,-0.055,174.61,151.14,145.95,135.0,23.47,28.67,39.61,-23.470000000000027
O4a,GW231001_140220,C00:Mixed+XO4a,C00:Mixed+XO4a,source,derived:e67_gwtc4_curved_law_results.json,,77.53,39.58,,,,,,1.47,-0.123,170.83,159.79,155.85,135.0,11.04,14.98,35.83,-11.04000000000002
O4a,GW231004_232346,C00:Mixed+XO4a,C00:Mixed+XO4a,source,derived:e67_gwtc4_curved_law_results.json,,66.44,34.21,,,,,,1.58,-0.21,166.42,158.77,155.63,135.0,7.65,10.79,31.42,-7.649999999999977
O4a,GW231005_021030,C00:Mixed+XO4a,C00:Mixed+XO4a,source,derived:e67_gwtc4_curved_law_results.json,,84.15,48.85,,,,,,1.3,-0.136,164.5,158.1,152.44,135.0,6.4,12.06,29.5,-6.400000000000006
O4a,GW231005_091549,C00:Mixed,C00:Mixed,source,derived:e67_gwtc4_curved_law_results.json,,28.54,21.63,,,,,,1.32,-0.033,176.71,150.77,144.36,135.0,25.94,32.35,41.71,-25.939999999999998
O4a,GW231008_142521,C00:Mixed,C00:Mixed,source,derived:e67_gwtc4_curved_law_results.json,,46.42,25.08,,,,,,1.78,-0.426,154.84,157.54,154.38,135.0,2.7,0.46,19.84,2.6999999999999886
O4a,GW231014_040532,C00:Mixed,C00:Mixed,source,derived:e67_gwtc4_curved_law_results.json,,20.62,14.83,,,,,,1.93,-0.418,159.62,153.84,146.03,135.0,5.77,13.58,24.62,-5.780000000000001
O4a,GW231018_233037,C00:Mixed,C00:Mixed,source,derived:e67_gwtc4_curved_law_results.json,,11.64,7.25,,,,,,3.53,-0.744,158.37,156.05,150.42,135.0,2.32,7.95,23.37,-2.319999999999993
O4a,GW231020_142947,C00:Mixed,C00:Mixed,source,derived:e67_gwtc4_curved_law_results.json,,12.18,7.28,,,,,,5.75,-0.877,159.57,159.77,151.6,135.0,0.2,7.97,24.57,0.20000000000001705
O4a,GW231028_153006,C00:Mixed+XO4a,C00:Mixed+XO4a,source,derived:e67_gwtc4_curved_law_results.json,,99.64,53.85,,,,,,2.38,-0.693,140.91,157.1,154.38,135.0,16.2,13.47,5.91,16.189999999999998
O4a,GW231029_111508,C00:Mixed+XO4a,C00:Mixed+XO4a,source,derived:e67_gwtc4_curved_law_results.json,,65.3,41.46,,,,,,1.31,-0.263,138.37,153.72,149.86,135.0,15.35,11.49,3.37,15.349999999999994
O4a,GW231102_071736,C00:Mixed+XO4a,C00:Mixed+XO4a,source,derived:e67_gwtc4_curved_law_results.json,,61.8,42.9,,,,,,1.06,-0.053,119.51,149.63,147.15,135.0,30.12,27.64,15.49,30.11999999999999
O4a,GW231104_133418,C00:Mixed,C00:Mixed,source,derived:e67_gwtc4_curved_law_results.json,,12.28,8.57,,,,,,3.36,-0.771,153.9,152.52,146.97,135.0,1.38,6.93,18.9,-1.3799999999999955
O4a,GW231108_125142,C00:Mixed,C00:Mixed,source,derived:e67_gwtc4_curved_law_results.json,,23.24,17.39,,,,,,1.86,-0.442,156.01,146.53,144.76,135.0,9.47,11.24,21.01,-9.47999999999999
O4a,GW231110_040320,C00:Mixed,C00:Mixed,source,derived:e67_gwtc4_curved_law_results.json,,19.64,12.55,,,,,,2.45,-0.611,155.52,151.6,149.66,135.0,3.93,5.87,20.52,-3.920000000000016
O4a,GW231113_122623,C00:Mixed,C00:Mixed,source,derived:e67_gwtc4_curved_law_results.json,,40.2,27.42,,,,,,1.64,-0.271,163.52,154.61,147.69,135.0,8.91,15.83,28.52,-8.909999999999997
O4a,GW231113_200417,C00:Mixed,C00:Mixed,source,derived:e67_gwtc4_curved_law_results.json,,11.57,7.41,,,,,,4.07,-0.804,157.55,155.37,149.6,135.0,2.17,7.95,22.55,-2.180000000000007
O4a,GW231114_043211,C00:Mixed+XO4a,C00:Mixed+XO4a,source,derived:e67_gwtc4_curved_law_results.json,,22.98,8.19,,,,,,5.78,-0.783,166.66,165.14,163.59,135.0,1.52,3.07,31.66,-1.5200000000000102
O4a,GW231118_005626,C00:Mixed+XO4a,C00:Mixed+XO4a,source,derived:e67_gwtc4_curved_law_results.json,,20.1,10.83,,,,,,3.1,-0.643,161.46,155.22,154.45,135.0,6.24,7.0,26.46,-6.240000000000009
O4a,GW231118_071402,C00:Mixed+XO4a,C00:Mixed+XO4a,source,derived:e67_gwtc4_curved_law_results.json,,42.96,30.03,,,,,,1.21,-0.061,170.71,152.85,146.93,135.0,17.86,23.78,35.71,-17.860000000000014
O4a,GW231118_090602,C00:Mixed,C00:Mixed,source,derived:e67_gwtc4_curved_law_results.json,,13.2,7.25,,,,,,7.56,-0.884,164.68,164.14,153.95,135.0,0.54,10.73,29.68,-0.5400000000000205
O4a,GW231119_075248,C00:Mixed,C00:Mixed,source,derived:e67_gwtc4_curved_law_results.json,,48.1,33.71,,,,,,1.29,0.079,8.81,154.29,146.85,135.0,34.51,41.95,53.81,-34.52000000000001
O4a,GW231123_135430,C00:Mixed,C00:Mixed,source,derived:e67_gwtc4_curved_law_results.json,,137.44,103.17,,,,,,2.14,-0.347,103.12,154.28,144.66,135.0,51.15,41.54,31.88,51.16
O4a,GW231127_165300,C00:Mixed,C00:Mixed,source,derived:e67_gwtc4_curved_law_results.json,,45.65,28.77,,,,,,1.29,-0.103,168.14,155.62,150.08,135.0,12.52,18.06,33.14,-12.519999999999982
O4a,GW231129_081745,C00:Mixed+XO4a,C00:Mixed+XO4a,source,derived:e67_gwtc4_curved_law_results.json,,45.93,23.78,,,,,,1.55,-0.12,172.26,157.44,155.49,135.0,14.83,16.77,37.26,-14.819999999999993
O4a,GW231206_233134,C00:Mixed,C00:Mixed,source,derived:e67_gwtc4_curved_law_results.json,,35.92,28.58,,,,,,1.2,0.172,34.82,146.9,142.76,135.0,67.93,72.07,79.82,-67.91999999999999
O4a,GW231206_233901,C00:Mixed,C00:Mixed,source,derived:e67_gwtc4_curved_law_results.json,,37.59,28.47,,,,,,2.41,-0.706,133.34,146.73,144.37,135.0,13.38,11.03,1.66,13.389999999999986
O4a,GW231213_111417,C00:Mixed,C00:Mixed,source,derived:e67_gwtc4_curved_law_results.json,,35.29,27.44,,,,,,1.14,0.097,23.14,148.21,143.51,135.0,54.93,59.63,68.14,-54.93000000000001
O4a,GW231221_135041,C00:Mixed+XO4a,C00:Mixed+XO4a,source,derived:e67_gwtc4_curved_law_results.json,,48.33,28.26,,,,,,1.66,-0.368,155.93,159.37,152.23,135.0,3.43,3.7,20.93,3.4399999999999977
O4a,GW231223_032836,C00:Mixed,C00:Mixed,source,derived:e67_gwtc4_curved_law_results.json,,46.13,31.34,,,,,,1.34,-0.284,136.76,155.69,147.81,135.0,18.93,11.05,1.76,18.930000000000007
O4a,GW231223_075055,C00:Mixed+XO4a,C00:Mixed+XO4a,source,derived:e67_gwtc4_curved_law_results.json,,12.05,6.77,,,,,,5.61,-0.867,160.08,158.92,153.35,135.0,1.16,6.73,25.08,-1.160000000000025
O4a,GW231223_202619,C00:Mixed,C00:Mixed,source,derived:e67_gwtc4_curved_law_results.json,,11.13,8.33,,,,,,3.26,-0.754,154.47,151.18,144.73,135.0,3.28,9.74,19.47,-3.289999999999992
O4a,GW231224_024321,C00:Mixed,C00:Mixed,source,derived:e67_gwtc4_curved_law_results.json,,9.29,7.32,,,,,,3.14,-0.789,147.23,146.84,143.09,135.0,0.39,4.14,12.23,-0.38999999999998636
O4a,GW231226_101520,C00:Mixed+XO4a,C00:Mixed+XO4a,source,derived:e67_gwtc4_curved_law_results.json,,39.91,35.21,,,,,,2.19,-0.65,130.39,141.83,139.3,135.0,11.44,8.91,4.61,11.440000000000026
O4a,GW231230_170116,C00:Mixed,C00:Mixed,source,derived:e67_gwtc4_curved_law_results.json,,52.91,34.88,,,,,,2.28,-0.11,176.53,160.11,148.73,135.0,16.42,27.8,41.53,-16.419999999999987
O4a,GW231231_154016,C00:Mixed,C00:Mixed,source,derived:e67_gwtc4_curved_law_results.json,,22.47,17.24,,,,,,2.05,-0.534,152.99,146.83,143.95,135.0,6.17,9.04,17.99,-6.159999999999997
O4a,GW240104_164932,C00:Mixed,C00:Mixed,source,derived:e67_gwtc4_curved_law_results.json,,42.34,32.29,,,,,,1.22,-0.196,140.94,147.61,144.14,135.0,6.67,3.21,5.94,6.670000000000016
O4a,GW240107_013215,C00:Mixed+XO4a,C00:Mixed+XO4a,source,derived:e67_gwtc4_curved_law_results.json,,60.99,30.82,,,,,,1.49,-0.332,150.57,160.64,156.11,135.0,10.07,5.54,15.57,10.069999999999993
O4a,GW240109_050431,C00:Mixed,C00:Mixed,source,derived:e67_gwtc4_curved_law_results.json,,29.06,17.98,,,,,,1.91,-0.439,157.57,151.1,150.61,135.0,6.47,6.95,22.57,-6.469999999999999
O4b,GW240413_022019,C00:IMRPhenomXPHM-SpinTaylor,C00:IMRPhenomXPHM-SpinTaylor,source,derived:e71_gwtc5_curved_law_results.json,,7.92,5.57,,,,,,7.08,-0.944,152.12,152.47,146.76,135.0,0.35,5.36,17.12,0.3499999999999943
O4b,GW240414_054515,C00:SEOBNRv5PHM,C00:SEOBNRv5PHM,source,derived:e71_gwtc5_curved_law_results.json,,38.68,25.3,,,,,,2.49,-0.687,147.58,152.94,148.97,135.0,5.36,1.39,12.58,5.359999999999985
O4b,GW240420_175625,C00:SEOBNRv5PHM,C00:SEOBNRv5PHM,source,derived:e71_gwtc5_curved_law_results.json,,34.34,23.56,,,,,,1.45,-0.267,156.69,151.02,147.52,135.0,5.66,9.17,21.69,-5.6699999999999875
O4b,GW240426_031451,C00:SEOBNRv5PHM,C00:SEOBNRv5PHM,source,derived:e71_gwtc5_curved_law_results.json,,52.86,36.51,,,,,,1.22,-0.125,160.28,150.81,147.3,135.0,9.46,12.97,25.28,-9.469999999999999
O4b,GW240428_225440,C00:IMRPhenomXPNR,C00:IMRPhenomXPNR,source,derived:e71_gwtc5_curved_law_results.json,,19.58,14.68,,,,,,4.41,-0.887,146.63,148.32,144.7,135.0,1.69,1.93,11.63,1.6899999999999977
O4b,GW240501_033534,C00:SEOBNRv5PHM,C00:SEOBNRv5PHM,source,derived:e71_gwtc5_curved_law_results.json,,37.79,27.61,,,,,,1.22,-0.063,170.83,149.66,145.54,135.0,21.17,25.3,35.83,-21.170000000000016
O4b,GW240505_133552,C00:SEOBNRv5PHM,C00:SEOBNRv5PHM,source,derived:e71_gwtc5_curved_law_results.json,,31.13,23.47,,,,,,1.16,0.004,0.84,149.51,144.52,135.0,31.33,36.32,45.84,-31.330000000000013
O4b,GW240507_041632,C00:IMRPhenomXPNR,C00:IMRPhenomXPNR,source,derived:e71_gwtc5_curved_law_results.json,,31.13,8.47,,,,,,4.88,-0.821,161.05,164.42,167.79,135.0,3.37,6.75,26.05,3.369999999999976
O4b,GW240511_031507,C00:IMRPhenomXPHM-SpinTaylor,C00:IMRPhenomXPHM-SpinTaylor,source,derived:e71_gwtc5_curved_law_results.json,,40.53,32.15,,,,,,1.59,-0.433,137.57,146.01,142.85,135.0,8.44,5.29,2.57,8.439999999999998
O4b,GW240512_024139,C00:SEOBNRv5PHM,C00:SEOBNRv5PHM,source,derived:e71_gwtc5_curved_law_results.json,,11.9,8.37,,,,,,3.87,-0.829,152.34,150.97,146.72,135.0,1.37,5.61,17.34,-1.3700000000000045
O4b,GW240513_183302,C00:SEOBNRv5PHM,C00:SEOBNRv5PHM,source,derived:e71_gwtc5_curved_law_results.json,,23.45,17.28,,,,,,2.13,-0.59,149.0,147.82,145.26,135.0,1.18,3.74,14.0,-1.1800000000000068
O4b,GW240514_121713,C00:NRSur7dq4,C00:NRSur7dq4,source,derived:e71_gwtc5_curved_law_results.json,,46.12,36.63,,,,,,1.57,-0.397,123.74,147.63,142.81,135.0,23.89,19.07,11.26,23.89
O4b,GW240515_005301,C00:SEOBNRv5PHM,C00:SEOBNRv5PHM,source,derived:e71_gwtc5_curved_law_results.json,,36.63,18.51,,,,,,2.18,-0.517,157.75,155.1,156.1,135.0,2.65,1.65,22.75,-2.6500000000000057
O4b,GW240519_012815,C00:SEOBNRv5PHM,C00:SEOBNRv5PHM,source,derived:e71_gwtc5_curved_law_results.json,,61.82,37.03,,,,,,1.32,-0.209,155.16,156.09,151.55,135.0,0.93,3.61,20.16,0.9300000000000068
O4b,GW240520_213616,C00:SEOBNRv5PHM,C00:SEOBNRv5PHM,source,derived:e71_gwtc5_curved_law_results.json,,11.27,8.02,,,,,,3.08,-0.757,151.4,149.04,146.37,135.0,2.36,5.03,16.4,-2.3600000000000136
O4b,GW240525_031210,C00:SEOBNRv5PHM,C00:SEOBNRv5PHM,source,derived:e71_gwtc5_curved_law_results.json,,30.77,21.18,,,,,,1.56,-0.158,169.84,152.85,147.41,135.0,16.99,22.43,34.84,-16.99000000000001
O4b,GW240526_093944,C00:SEOBNRv5PHM,C00:SEOBNRv5PHM,source,derived:e71_gwtc5_curved_law_results.json,,13.64,8.64,,,,,,2.77,-0.63,158.86,153.52,149.91,135.0,5.34,8.95,23.86,-5.340000000000003
O4b,GW240527_183429,C00:SEOBNRv5PHM,C00:SEOBNRv5PHM,source,derived:e71_gwtc5_curved_law_results.json,,49.52,34.52,,,,,,1.18,-0.167,137.1,154.3,147.01,135.0,17.19,9.91,2.1,17.200000000000017
O4b,GW240527_230910,C00:SEOBNRv5PHM,C00:SEOBNRv5PHM,source,derived:e71_gwtc5_curved_law_results.json,,25.43,10.65,,,,,,7.02,-0.922,158.08,158.71,160.43,135.0,0.63,2.34,23.08,0.6299999999999955
O4b,GW240530_012417,C00:SEOBNRv5PHM,C00:SEOBNRv5PHM,source,derived:e71_gwtc5_curved_law_results.json,,13.37,8.39,,,,,,4.44,-0.834,157.11,156.94,150.22,135.0,0.17,6.89,22.11,-0.17000000000001592
O4b,GW240531_040326,C00:SEOBNRv5PHM,C00:SEOBNRv5PHM,source,derived:e71_gwtc5_curved_law_results.json,,19.08,14.36,,,,,,1.56,-0.234,164.27,149.28,144.57,135.0,14.99,19.71,29.27,-14.990000000000009
O4b,GW240531_075248,C00:SEOBNRv5PHM,C00:SEOBNRv5PHM,source,derived:e71_gwtc5_curved_law_results.json,,32.54,22.63,,,,,,1.36,-0.08,172.57,150.06,147.08,135.0,22.51,25.48,37.57,-22.50999999999999
O4b,GW240601_061200,C00:SEOBNRv5PHM,C00:SEOBNRv5PHM,source,derived:e71_gwtc5_curved_law_results.json,,53.0,31.43,,,,,,1.8,-0.082,176.2,154.33,151.83,135.0,21.87,24.37,41.2,-21.869999999999976
O4b,GW240601_231004,C00:SEOBNRv5PHM,C00:SEOBNRv5PHM,source,derived:e71_gwtc5_curved_law_results.json,,10.43,7.75,,,,,,3.15,-0.766,151.34,151.39,144.99,135.0,0.06,6.35,16.34,0.04999999999998295
O4b,GW240612_081540,C00:SEOBNRv5PHM,C00:SEOBNRv5PHM,source,derived:e71_gwtc5_curved_law_results.json,,53.91,38.66,,,,,,1.21,0.08,12.6,155.08,146.12,135.0,37.52,46.48,57.6,-37.51999999999998
O4b,GW240615_113620,C00:NRSur7dq4,C00:NRSur7dq4,source,derived:e71_gwtc5_curved_law_results.json,,33.89,26.23,,,,,,2.7,-0.758,134.16,145.62,143.67,135.0,11.46,9.5,0.84,11.460000000000008
O4b,GW240615_160735,C00:SEOBNRv5PHM,C00:SEOBNRv5PHM,source,derived:e71_gwtc5_curved_law_results.json,,28.14,19.88,,,,,,1.49,-0.303,154.52,149.83,146.6,135.0,4.68,7.92,19.52,-4.689999999999998
O4b,GW240618_071627,C00:SEOBNRv5PHM,C00:SEOBNRv5PHM,source,derived:e71_gwtc5_curved_law_results.json,,61.95,38.76,,,,,,1.45,0.045,3.37,154.65,150.3,135.0,28.72,33.07,48.37,-28.72
O4b,GW240621_195059,C00:IMRPhenomXPHM-SpinTaylor,C00:IMRPhenomXPHM-SpinTaylor,source,derived:e71_gwtc5_curved_law_results.json,,36.78,29.65,,,,,,2.17,-0.641,128.94,144.28,142.32,135.0,15.34,13.38,6.06,15.340000000000003
O4b,GW240621_200935,C00:SEOBNRv5PHM,C00:SEOBNRv5PHM,source,derived:e71_gwtc5_curved_law_results.json,,41.24,31.29,,,,,,1.09,0.066,23.86,148.9,144.31,135.0,54.96,59.55,68.86,-54.95999999999998
O4b,GW240621_214041,C00:SEOBNRv5PHM,C00:SEOBNRv5PHM,source,derived:e71_gwtc5_curved_law_results.json,,43.83,31.02,,,,,,1.34,0.116,11.68,151.52,146.54,135.0,40.16,45.14,56.68,-40.16
O4b,GW240622_004008,C00:SEOBNRv5PHM,C00:SEOBNRv5PHM,source,derived:e71_gwtc5_curved_law_results.json,,17.69,11.47,,,,,,4.28,-0.833,155.99,155.39,149.24,135.0,0.6,6.75,20.99,-0.6000000000000227
O4b,GW240627_131622,C00:SEOBNRv5PHM,C00:SEOBNRv5PHM,source,derived:e71_gwtc5_curved_law_results.json,,12.13,7.18,,,,,,3.98,-0.817,155.3,154.7,151.89,135.0,0.6,3.42,20.3,-0.6000000000000227
O4b,GW240629_145256,C00:SEOBNRv5PHM,C00:SEOBNRv5PHM,source,derived:e71_gwtc5_curved_law_results.json,,10.99,7.83,,,,,,3.44,-0.805,150.3,148.69,146.32,135.0,1.61,3.98,15.3,-1.6100000000000136
O4b,GW240630_101703,C00:IMRPhenomXPNR,C00:IMRPhenomXPNR,source,derived:e71_gwtc5_curved_law_results.json,,28.87,20.5,,,,,,1.62,-0.404,148.99,150.41,146.43,135.0,1.43,2.55,13.99,1.4199999999999875
O4b,GW240703_191355,C00:SEOBNRv5PHM,C00:SEOBNRv5PHM,source,derived:e71_gwtc5_curved_law_results.json,,33.75,25.44,,,,,,1.33,-0.167,161.93,148.6,144.53,135.0,13.32,17.4,26.93,-13.330000000000013
O4b,GW240705_053215,C00:SEOBNRv5PHM,C00:SEOBNRv5PHM,source,derived:e71_gwtc5_curved_law_results.json,,46.71,35.19,,,,,,1.4,-0.3,146.21,147.05,144.55,135.0,0.84,1.66,11.21,0.8400000000000034
O4b,GW240716_034900,C00:SEOBNRv5PHM,C00:SEOBNRv5PHM,source,derived:e71_gwtc5_curved_law_results.json,,40.6,26.1,,,,,,1.74,-0.437,151.73,150.69,149.49,135.0,1.04,2.24,16.73,-1.039999999999992
O4b,GW240824_205609,C00:SEOBNRv5PHM,C00:SEOBNRv5PHM,source,derived:e71_gwtc5_curved_law_results.json,,61.91,36.53,,,,,,1.46,-0.131,170.03,157.99,151.98,135.0,12.04,18.05,35.03,-12.039999999999992
O4b,GW240825_055146,C00:SEOBNRv5PHM,C00:SEOBNRv5PHM,source,derived:e71_gwtc5_curved_law_results.json,,12.48,8.13,,,,,,3.85,-0.804,155.58,154.21,149.08,135.0,1.37,6.5,20.58,-1.3700000000000045
O4b,GW240830_211120,C00:SEOBNRv5PHM,C00:SEOBNRv5PHM,source,derived:e71_gwtc5_curved_law_results.json,,11.59,7.87,,,,,,3.53,-0.796,152.9,150.23,147.83,135.0,2.67,5.07,17.9,-2.670000000000016
O4b,GW240902_143306,C00:SEOBNRv5PHM,C00:SEOBNRv5PHM,source,derived:e71_gwtc5_curved_law_results.json,,24.17,18.31,,,,,,1.16,-0.094,160.88,149.04,144.37,135.0,11.83,16.51,25.88,-11.840000000000003
O4b,GW240907_153833,C00:SEOBNRv5PHM,C00:SEOBNRv5PHM,source,derived:e71_gwtc5_curved_law_results.json,,37.64,28.57,,,,,,1.2,0.09,14.81,148.0,144.3,135.0,46.81,50.51,59.81,-46.81
O4b,GW240908_082628,C00:SEOBNRv5PHM,C00:SEOBNRv5PHM,source,derived:e71_gwtc5_curved_law_results.json,,39.52,27.29,,,,,,1.29,-0.19,155.43,151.27,147.31,135.0,4.16,8.12,20.43,-4.159999999999997
O4b,GW240908_125134,C00:SEOBNRv5PHM,C00:SEOBNRv5PHM,source,derived:e71_gwtc5_curved_law_results.json,,45.24,32.87,,,,,,1.21,0.118,19.19,150.26,145.71,135.0,48.93,53.48,64.19,-48.93000000000001
O4b,GW240910_103535,C00:Mixed,C00:Mixed,source,derived:e71_gwtc5_curved_law_results.json,,10.65,6.47,,,,,,6.04,-0.924,152.38,152.36,151.13,135.0,0.02,1.24,17.38,-0.01999999999998181
O4b,GW240915_001357,C00:SEOBNRv5PHM,C00:SEOBNRv5PHM,source,derived:e71_gwtc5_curved_law_results.json,,10.52,8.02,,,,,,5.01,-0.904,149.18,149.17,144.18,135.0,0.01,5.0,14.18,-0.010000000000019327
O4b,GW240915_105151,C00:IMRPhenomXPHM-SpinTaylor,C00:IMRPhenomXPHM-SpinTaylor,source,derived:e71_gwtc5_curved_law_results.json,,11.64,7.5,,,,,,7.34,-0.937,156.05,156.91,149.42,135.0,0.86,6.63,21.05,0.8599999999999852
O4b,GW240916_184352,C00:SEOBNRv5PHM,C00:SEOBNRv5PHM,source,derived:e71_gwtc5_curved_law_results.json,,10.56,7.84,,,,,,2.74,-0.681,154.17,152.19,145.03,135.0,1.97,9.14,19.17,-1.9799999999999898
O4b,GW240919_061559,C00:SEOBNRv5PHM,C00:SEOBNRv5PHM,source,derived:e71_gwtc5_curved_law_results.json,,37.18,29.19,,,,,,1.58,-0.415,143.32,145.29,143.2,135.0,1.97,0.12,8.32,1.9699999999999989
O4b,GW240920_073424,C00:SEOBNRv5PHM,C00:SEOBNRv5PHM,source,derived:e71_gwtc5_curved_law_results.json,,23.32,13.09,,,,,,3.58,-0.777,155.8,154.67,153.37,135.0,1.14,2.44,20.8,-1.1300000000000239
O4b,GW240920_124024,C00:NRSur7dq4,C00:NRSur7dq4,source,derived:e71_gwtc5_curved_law_results.json,,36.92,32.46,,,,,,1.42,-0.324,126.95,140.95,139.4,135.0,14.0,12.45,8.05,13.999999999999986
O4b,GW240921_201835,C00:SEOBNRv5PHM,C00:SEOBNRv5PHM,source,derived:e71_gwtc5_curved_law_results.json,,34.05,9.7,,,,,,5.63,-0.764,167.15,164.77,167.17,135.0,2.37,0.03,32.15,-2.3799999999999955
O4b,GW240922_142106,C00:SEOBNRv5PHM,C00:SEOBNRv5PHM,source,derived:e71_gwtc5_curved_law_results.json,,11.11,7.9,,,,,,3.79,-0.83,151.24,149.86,146.4,135.0,1.39,4.84,16.24,-1.3799999999999955
O4b,GW240923_204006,C00:SEOBNRv5PHM,C00:SEOBNRv5PHM,source,derived:e71_gwtc5_curved_law_results.json,,45.0,34.35,,,,,,1.01,-0.013,125.35,148.03,144.12,135.0,22.68,18.77,9.65,22.680000000000007
O4b,GW240924_000316,C00:SEOBNRv5PHM,C00:SEOBNRv5PHM,source,derived:e71_gwtc5_curved_law_results.json,,44.49,33.34,,,,,,1.09,0.023,7.56,149.64,144.71,135.0,37.92,42.85,52.56,-37.920000000000016
O4b,GW240925_005809,C01:Mixed,C01:Mixed,source,derived:e71_gwtc5_curved_law_results.json,,9.02,6.99,,,,,,6.5,-0.948,145.38,146.98,143.63,135.0,1.6,1.75,10.38,1.5999999999999943
O4b,GW240930_035959,C00:SEOBNRv5PHM,C00:SEOBNRv5PHM,source,derived:e71_gwtc5_curved_law_results.json,,25.3,10.87,,,,,,4.3,-0.771,161.77,158.87,159.89,135.0,2.89,1.88,26.77,-2.9000000000000057
O4b,GW240930_234614,C00:SEOBNRv5PHM,C00:SEOBNRv5PHM,source,derived:e71_gwtc5_curved_law_results.json,,32.8,23.85,,,,,,1.27,-0.087,169.42,148.98,145.68,135.0,20.43,23.74,34.42,-20.439999999999998
O4b,GW241002_030559,C00:SEOBNRv5PHM,C00:SEOBNRv5PHM,source,derived:e71_gwtc5_curved_law_results.json,,36.68,29.19,,,,,,1.31,-0.22,152.44,146.71,142.75,135.0,5.73,9.69,17.44,-5.72999999999999
O4b,GW241006_015333,C00:SEOBNRv5PHM,C00:SEOBNRv5PHM,source,derived:e71_gwtc5_curved_law_results.json,,24.29,20.0,,,,,,1.58,-0.396,146.74,143.58,141.62,135.0,3.16,5.12,11.74,-3.1599999999999966
O4b,GW241007_082943,C00:NRSur7dq4,C00:NRSur7dq4,source,derived:e71_gwtc5_curved_law_results.json,,38.48,25.64,,,,,,1.56,-0.224,164.99,154.35,148.41,135.0,10.64,16.58,29.99,-10.640000000000015
O4b,GW241009_022835,C00:SEOBNRv5PHM,C00:SEOBNRv5PHM,source,derived:e71_gwtc5_curved_law_results.json,,36.17,25.89,,,,,,1.22,0.037,5.33,152.47,146.19,135.0,32.86,39.14,50.33,-32.860000000000014
O4b,GW241009_084816,C00:SEOBNRv5PHM,C00:SEOBNRv5PHM,source,derived:e71_gwtc5_curved_law_results.json,,12.22,8.24,,,,,,3.04,-0.757,150.77,150.0,148.05,135.0,0.77,2.72,15.77,-0.7700000000000102
O4b,GW241009_220455,C00:SEOBNRv5PHM,C00:SEOBNRv5PHM,source,derived:e71_gwtc5_curved_law_results.json,,33.2,26.37,,,,,,1.1,0.04,12.4,147.47,142.81,135.0,44.93,49.59,57.4,-44.93000000000001
O4b,GW241011_233834,C00:IMRPhenomXPNR,C00:IMRPhenomXPNR,source,derived:e71_gwtc5_curved_law_results.json,,19.05,6.08,,,,,,17.26,-0.976,164.11,164.73,165.46,135.0,0.62,1.36,29.11,0.6199999999999761
O4b,GW241101_220523,C00:SEOBNRv5PHM,C00:SEOBNRv5PHM,source,derived:e71_gwtc5_curved_law_results.json,,38.73,20.4,,,,,,1.86,-0.444,155.65,155.87,155.05,135.0,0.22,0.6,20.65,0.21999999999999886
O4b,GW241102_124058,C00:SEOBNRv5PHM,C00:SEOBNRv5PHM,source,derived:e71_gwtc5_curved_law_results.json,,10.64,8.25,,,,,,8.25,-0.966,146.07,146.63,143.61,135.0,0.57,2.46,11.07,0.5600000000000023
O4b,GW241102_144729,C00:SEOBNRv5PHM,C00:SEOBNRv5PHM,source,derived:e71_gwtc5_curved_law_results.json,,43.74,30.72,,,,,,1.34,-0.287,137.49,150.56,146.78,135.0,13.07,9.29,2.49,13.069999999999993
O4b,GW241109_033317,C00:SEOBNRv5PHM,C00:SEOBNRv5PHM,source,derived:e71_gwtc5_curved_law_results.json,,42.05,30.88,,,,,,1.15,-0.042,171.15,149.58,145.36,135.0,21.57,25.79,36.15,-21.569999999999993
O4b,GW241109_115924,C00:SEOBNRv5PHM,C00:SEOBNRv5PHM,source,derived:e71_gwtc5_curved_law_results.json,,7.28,5.16,,,,,,4.84,-0.886,152.26,151.36,146.45,135.0,0.91,5.81,17.26,-0.8999999999999773
O4b,GW241110_124123,C00:Mixed,C00:Mixed,source,derived:e71_gwtc5_curved_law_results.json,,16.09,8.1,,,,,,6.52,-0.912,157.89,156.57,156.2,135.0,1.32,1.69,22.89,-1.3199999999999932
O4b,GW241111_111552,C00:Mixed,C00:Mixed,source,derived:e71_gwtc5_curved_law_results.json,,24.89,19.73,,,,,,1.62,-0.443,140.74,146.2,142.87,135.0,5.46,2.13,5.74,5.4599999999999795
O4b,GW241113_163507,C00:SEOBNRv5PHM,C00:SEOBNRv5PHM,source,derived:e71_gwtc5_curved_law_results.json,,19.17,14.22,,,,,,2.43,-0.625,153.72,150.95,145.04,135.0,2.77,8.68,18.72,-2.7700000000000102
O4b,GW241114_024711,C00:NRSur7dq4,C00:NRSur7dq4,source,derived:e71_gwtc5_curved_law_results.json,,48.13,24.79,,,,,,1.89,-0.456,155.58,157.16,155.62,135.0,1.57,0.04,20.58,1.579999999999984
O4b,GW241114_235258,C00:SEOBNRv5PHM,C00:SEOBNRv5PHM,source,derived:e71_gwtc5_curved_law_results.json,,10.81,8.02,,,,,,3.67,-0.825,150.31,149.72,145.06,135.0,0.59,5.25,15.31,-0.5900000000000034
O4b,GW241116_151753,C00:SEOBNRv5PHM,C00:SEOBNRv5PHM,source,derived:e71_gwtc5_curved_law_results.json,,54.39,28.62,,,,,,1.57,-0.284,160.41,162.79,155.08,135.0,2.38,5.33,25.41,2.3799999999999955
O4b,GW241124_024914,C00:SEOBNRv5PHM,C00:SEOBNRv5PHM,source,derived:e71_gwtc5_curved_law_results.json,,42.33,25.24,,,,,,2.03,-0.291,168.32,158.42,151.68,135.0,9.91,16.64,33.32,-9.900000000000006
O4b,GW241125_010116,C00:SEOBNRv5PHM,C00:SEOBNRv5PHM,source,derived:e71_gwtc5_curved_law_results.json,,58.46,45.69,,,,,,1.35,0.288,44.93,147.23,143.34,135.0,77.7,81.58,89.93,-77.70000000000002
O4b,GW241127_061008,C00:Mixed,C00:Mixed,source,derived:e71_gwtc5_curved_law_results.json,,59.55,24.21,,,,,,2.37,-0.682,143.46,160.89,161.06,135.0,17.43,17.6,8.46,17.42999999999998
O4b,GW241129_021832,C00:SEOBNRv5PHM,C00:SEOBNRv5PHM,source,derived:e71_gwtc5_curved_law_results.json,,29.95,22.85,,,,,,1.84,-0.517,145.74,146.57,144.14,135.0,0.83,1.6,10.74,0.8299999999999841
O4b,GW241130_034908,C00:SEOBNRv5PHM,C00:SEOBNRv5PHM,source,derived:e71_gwtc5_curved_law_results.json,,29.56,23.49,,,,,,1.41,-0.238,157.95,144.7,142.79,135.0,13.26,15.16,22.95,-13.25
O4b,GW241130_110422,C00:SEOBNRv5PHM,C00:SEOBNRv5PHM,source,derived:e71_gwtc5_curved_law_results.json,,10.54,6.79,,,,,,3.79,-0.801,155.28,153.64,149.45,135.0,1.64,5.84,20.28,-1.6400000000000148
O4b,GW241201_055758,C00:SEOBNRv5PHM,C00:SEOBNRv5PHM,source,derived:e71_gwtc5_curved_law_results.json,,45.76,33.23,,,,,,1.33,0.202,22.46,153.46,145.73,135.0,48.99,56.73,67.46,-49.0
O4b,GW241210_060606,C00:NRSur7dq4,C00:NRSur7dq4,source,derived:e71_gwtc5_curved_law_results.json,,29.42,21.26,,,,,,1.42,-0.237,158.35,150.44,145.87,135.0,7.91,12.48,23.35,-7.909999999999997
O4b,GW241210_120900,C00:SEOBNRv5PHM,C00:SEOBNRv5PHM,source,derived:e71_gwtc5_curved_law_results.json,,40.09,23.28,,,,,,1.76,-0.251,167.07,155.7,152.42,135.0,11.37,14.65,32.07,-11.370000000000005
O4b,GW241225_042553,C00:SEOBNRv5PHM,C00:SEOBNRv5PHM,source,derived:e71_gwtc5_curved_law_results.json,,11.74,8.46,,,,,,4.89,-0.896,150.38,148.1,145.95,135.0,2.28,4.43,15.38,-2.280000000000001
O4b,GW241225_082815,C00:SEOBNRv5PHM,C00:SEOBNRv5PHM,source,derived:e71_gwtc5_curved_law_results.json,,55.45,39.8,,,,,,1.3,-0.217,151.37,146.36,146.1,135.0,5.01,5.27,16.37,-5.009999999999991
O4b,GW241229_155844,C00:SEOBNRv5PHM,C00:SEOBNRv5PHM,source,derived:e71_gwtc5_curved_law_results.json,,49.55,32.49,,,,,,1.25,0.01,1.29,155.29,148.89,135.0,26.0,32.4,46.29,-26.0
O4b,GW241230_084504,C00:SEOBNRv5PHM,C00:SEOBNRv5PHM,source,derived:e71_gwtc5_curved_law_results.json,,42.15,33.27,,,,,,1.07,-0.053,154.16,146.98,143.02,135.0,7.18,11.14,19.16,-7.180000000000007
O4b,GW241230_233618,C00:SEOBNRv5PHM,C00:SEOBNRv5PHM,source,derived:e71_gwtc5_curved_law_results.json,,67.78,46.3,,,,,,1.34,-0.285,132.92,152.49,147.64,135.0,19.58,14.72,2.08,19.57000000000002
O4b,GW241231_054133,C00:SEOBNRv5PHM,C00:SEOBNRv5PHM,source,derived:e71_gwtc5_curved_law_results.json,,11.57,7.55,,,,,,5.58,-0.922,149.18,150.05,149.03,135.0,0.87,0.16,14.18,0.8700000000000045
O4b,GW250101_011205,C00:IMRPhenomXPHM-SpinTaylor,C00:IMRPhenomXPHM-SpinTaylor,source,derived:e71_gwtc5_curved_law_results.json,,29.97,21.07,,,,,,1.49,-0.352,146.4,152.92,146.74,135.0,6.52,0.34,11.4,6.519999999999982
O4b,GW250104_015122,C00:SEOBNRv5PHM,C00:SEOBNRv5PHM,source,derived:e71_gwtc5_curved_law_results.json,,45.07,33.73,,,,,,1.06,0.048,28.02,147.84,144.76,135.0,60.18,63.26,73.02,-60.18000000000001
O4b,GW250108_152221,C00:SEOBNRv5PHM,C00:SEOBNRv5PHM,source,derived:e71_gwtc5_curved_law_results.json,,54.29,35.86,,,,,,1.48,-0.203,164.49,150.71,148.67,135.0,13.78,15.82,29.49,-13.780000000000001
O4b,GW250109_010541,C00:SEOBNRv5PHM,C00:SEOBNRv5PHM,source,derived:e71_gwtc5_curved_law_results.json,,36.88,27.3,,,,,,1.36,-0.225,156.36,149.95,145.11,135.0,6.42,11.25,21.36,-6.410000000000025
O4b,GW250109_074552,C00:SEOBNRv5PHM,C00:SEOBNRv5PHM,source,derived:e71_gwtc5_curved_law_results.json,,38.12,29.41,,,,,,1.16,-0.11,156.38,146.99,143.77,135.0,9.39,12.61,21.38,-9.389999999999986
O4b,GW250114_082203,C00:NRSur7dq4,C00:NRSur7dq4,source,derived:e71_gwtc5_curved_law_results.json,,33.77,32.21,,,,,,2.0,-0.595,130.64,137.44,136.62,135.0,6.8,5.98,4.36,6.800000000000011
O4b,GW250116_015318,C00:SEOBNRv5PHM,C00:SEOBNRv5PHM,source,derived:e71_gwtc5_curved_law_results.json,,33.3,21.16,,,,,,1.47,-0.153,168.49,155.4,149.83,135.0,13.09,18.66,33.49,-13.090000000000003
O4b,GW250118_023225,C00:SEOBNRv5PHM,C00:SEOBNRv5PHM,source,derived:e71_gwtc5_curved_law_results.json,,43.32,30.24,,,,,,1.13,-0.027,173.5,152.29,146.97,135.0,21.21,26.53,38.5,-21.210000000000008
O4b,GW250118_055802,C00:SEOBNRv5PHM,C00:SEOBNRv5PHM,source,derived:e71_gwtc5_curved_law_results.json,,9.97,7.01,,,,,,3.79,-0.791,156.44,155.13,146.72,135.0,1.3,9.72,21.44,-1.3100000000000023
O4b,GW250118_170523,C00:SEOBNRv5PHM,C00:SEOBNRv5PHM,source,derived:e71_gwtc5_curved_law_results.json,,38.23,29.19,,,,,,1.56,-0.362,151.39,146.73,144.11,135.0,4.67,7.28,16.39,-4.659999999999997
O4b,GW250119_025138,C00:SEOBNRv5PHM,C00:SEOBNRv5PHM,source,derived:e71_gwtc5_curved_law_results.json,,33.3,26.45,,,,,,1.29,-0.25,134.46,146.14,142.81,135.0,11.68,8.34,0.54,11.679999999999978
O4b,GW250119_190238,C00:SEOBNRv5PHM,C00:SEOBNRv5PHM,source,derived:e71_gwtc5_curved_law_results.json,,11.46,9.87,,,,,,3.28,-0.823,141.16,143.49,140.12,135.0,2.33,1.04,6.16,2.3300000000000125
